asset_id,order_type,started_at,finished_at,technician_id,cost_brl,root_cause
MTR-001,preventive,2025-04-02T01:14:25.103434+00:00,2025-04-02T04:06:43.122462+00:00,4,721.66,Troca de filtros e lubrificaçăo
BMB-003,preventive,2025-04-02T04:43:25.082233+00:00,2025-04-02T07:07:05.439213+00:00,4,906.64,Manutençăo periódica programada
BMB-001,preventive,2025-04-02T21:35:31.771117+00:00,2025-04-02T23:52:18.165607+00:00,2,1708.66,Manutençăo periódica programada
MTR-002,preventive,2025-04-02T23:14:56.410461+00:00,2025-04-03T02:11:43.885980+00:00,2,1110.36,Verificaçăo de alinhamento
MTR-004,preventive,2025-04-06T06:35:44.497585+00:00,2025-04-06T10:35:25.964230+00:00,2,1480.3,Inspeçăo e ajuste de correia
CMP-003,preventive,2025-04-06T13:50:20.310587+00:00,2025-04-06T16:28:16.786400+00:00,3,1921.22,Inspeçăo e ajuste de correia
BMB-004,preventive,2025-04-07T08:52:40.114302+00:00,2025-04-07T11:56:44.994580+00:00,3,1795.58,Manutençăo periódica programada
BMB-002,preventive,2025-04-08T00:29:00.401073+00:00,2025-04-08T03:39:22.949669+00:00,4,1191.24,Inspeçăo e ajuste de correia
CMP-001,preventive,2025-04-08T17:54:15.065687+00:00,2025-04-08T20:44:52.902789+00:00,3,1273.08,Verificaçăo de alinhamento
MTR-003,preventive,2025-04-09T00:01:00.332489+00:00,2025-04-09T03:11:14.705791+00:00,4,960.21,Verificaçăo de alinhamento
CMP-004,preventive,2025-04-09T03:43:30.651749+00:00,2025-04-09T07:09:50.547743+00:00,4,1950.03,Troca de filtros e lubrificaçăo
CMP-002,preventive,2025-04-09T05:55:54.799493+00:00,2025-04-09T09:35:42.791304+00:00,3,1474.34,Troca de filtros e lubrificaçăo
CMP-001,corrective,2025-04-13T02:10:25.485530+00:00,2025-04-13T06:52:49.958149+00:00,3,2219.72,Desgaste de rolamento
BMB-002,corrective,2025-04-14T00:52:29.767915+00:00,2025-04-14T05:49:48.430293+00:00,2,2839.75,Falha de vedaçăo
MTR-003,corrective,2025-04-15T07:21:53.309960+00:00,2025-04-15T11:58:15.046608+00:00,3,6141.74,Vibraçăo excessiva — desbalanceamento
CMP-004,corrective,2025-04-16T23:32:40.886752+00:00,2025-04-17T01:33:05.241158+00:00,3,2291.95,Vibraçăo excessiva — desbalanceamento
BMB-004,corrective,2025-04-17T07:54:37.728742+00:00,2025-04-17T11:03:00.690971+00:00,3,4482.86,Superaquecimento por falha de lubrificaçăo
MTR-002,corrective,2025-04-18T05:42:30.390670+00:00,2025-04-18T10:28:32.125706+00:00,4,5903.23,Vibraçăo excessiva — desbalanceamento
MTR-004,corrective,2025-04-20T11:34:13.404126+00:00,2025-04-20T13:50:38.662885+00:00,1,3070.84,Falha de vedaçăo
CMP-002,corrective,2025-04-20T20:46:35.548863+00:00,2025-04-20T22:51:16.013953+00:00,1,2155.48,Desgaste de rolamento
BMB-001,corrective,2025-04-21T22:37:38.935742+00:00,2025-04-22T04:15:54.117735+00:00,4,7806.72,Falha de vedaçăo
BMB-003,corrective,2025-04-21T23:19:48.250388+00:00,2025-04-22T04:35:24.783271+00:00,3,7395.87,Falha de vedaçăo
CMP-003,corrective,2025-04-22T02:42:25.291540+00:00,2025-04-22T06:17:24.607734+00:00,1,3503.63,Falha de vedaçăo
MTR-001,corrective,2025-04-22T12:14:34.133412+00:00,2025-04-22T16:39:20.970693+00:00,1,5435.42,Superaquecimento por falha de lubrificaçăo
MTR-002,preventive,2025-05-01T01:09:39.898252+00:00,2025-05-01T03:24:00.692389+00:00,3,928.12,Manutençăo periódica programada
CMP-001,preventive,2025-05-02T02:41:46.123291+00:00,2025-05-02T06:18:54.022579+00:00,3,1035.46,Manutençăo periódica programada
CMP-003,preventive,2025-05-02T14:48:52.093387+00:00,2025-05-02T18:34:34.315438+00:00,3,687.76,Inspeçăo e ajuste de correia
MTR-003,preventive,2025-05-03T05:21:39.266238+00:00,2025-05-03T07:56:14.434365+00:00,3,1421.94,Troca de filtros e lubrificaçăo
BMB-004,preventive,2025-05-04T11:21:49.014324+00:00,2025-05-04T14:07:38.495850+00:00,2,1357.94,Troca de filtros e lubrificaçăo
MTR-001,preventive,2025-05-06T00:52:58.331189+00:00,2025-05-06T03:40:15.277035+00:00,2,528.41,Inspeçăo e ajuste de correia
BMB-001,preventive,2025-05-06T15:19:21.310836+00:00,2025-05-06T19:12:52.324254+00:00,2,1082.63,Inspeçăo e ajuste de correia
BMB-002,preventive,2025-05-07T04:21:41.366641+00:00,2025-05-07T07:33:44.319298+00:00,4,776.07,Manutençăo periódica programada
BMB-003,preventive,2025-05-07T11:35:58.092962+00:00,2025-05-07T15:26:52.003622+00:00,1,769.03,Inspeçăo e ajuste de correia
CMP-002,preventive,2025-05-07T13:02:28.286564+00:00,2025-05-07T15:17:52.705108+00:00,4,1276.62,Manutençăo periódica programada
CMP-004,preventive,2025-05-08T09:50:09.662881+00:00,2025-05-08T12:26:11.983212+00:00,4,1396.28,Verificaçăo de alinhamento
MTR-004,preventive,2025-05-08T20:26:20.659561+00:00,2025-05-09T00:01:52.892510+00:00,4,1293.26,Troca de filtros e lubrificaçăo
MTR-003,corrective,2025-05-13T19:43:28.774710+00:00,2025-05-14T01:09:20.131269+00:00,2,4869.09,Sobrecarga elétrica
BMB-002,corrective,2025-05-14T03:19:06.092640+00:00,2025-05-14T08:47:26.619584+00:00,1,7034.41,Superaquecimento por falha de lubrificaçăo
MTR-004,corrective,2025-05-14T03:57:01.595680+00:00,2025-05-14T08:43:35.212424+00:00,1,6537.08,Vibraçăo excessiva — desbalanceamento
CMP-004,corrective,2025-05-16T06:43:57.423223+00:00,2025-05-16T09:59:17.808512+00:00,3,5220.14,Superaquecimento por falha de lubrificaçăo
BMB-001,corrective,2025-05-17T14:06:37.965141+00:00,2025-05-17T17:55:30.435240+00:00,2,3981.58,Superaquecimento por falha de lubrificaçăo
CMP-001,corrective,2025-05-17T15:42:44.008536+00:00,2025-05-17T19:53:31.165857+00:00,3,3639.3,Vibraçăo excessiva — desbalanceamento
BMB-004,corrective,2025-05-18T01:41:13.427870+00:00,2025-05-18T07:37:29.360897+00:00,4,3017.01,Vibraçăo excessiva — desbalanceamento
CMP-003,corrective,2025-05-18T02:34:38.632110+00:00,2025-05-18T05:25:48.054207+00:00,1,5015.44,Desgaste de rolamento
BMB-003,corrective,2025-05-19T07:09:40.424995+00:00,2025-05-19T12:10:44.444879+00:00,1,7768.82,Falha de vedaçăo
MTR-001,corrective,2025-05-19T18:02:56.877048+00:00,2025-05-19T20:33:34.717329+00:00,4,2908.59,Desgaste de rolamento
MTR-002,corrective,2025-05-20T08:19:22.836440+00:00,2025-05-20T11:19:43.049377+00:00,1,5913.79,Desgaste de rolamento
CMP-002,corrective,2025-05-22T06:15:50.896339+00:00,2025-05-22T08:32:27.556605+00:00,3,6649.79,Sobrecarga elétrica
MTR-004,preventive,2025-05-30T17:52:08.745191+00:00,2025-05-30T21:06:30.659844+00:00,4,1510.25,Verificaçăo de alinhamento
CMP-001,preventive,2025-05-30T18:04:45.124507+00:00,2025-05-30T21:46:27.083945+00:00,4,1834.23,Verificaçăo de alinhamento
MTR-001,preventive,2025-05-31T23:32:21.065149+00:00,2025-06-01T03:03:41.919046+00:00,4,1252.73,Verificaçăo de alinhamento
BMB-002,preventive,2025-06-02T14:41:54.268832+00:00,2025-06-02T17:50:47.788863+00:00,1,1646.51,Verificaçăo de alinhamento
MTR-003,preventive,2025-06-02T22:29:37.435282+00:00,2025-06-03T02:28:11.893628+00:00,3,1123.77,Verificaçăo de alinhamento
BMB-003,preventive,2025-06-03T06:46:28.381421+00:00,2025-06-03T09:19:26.031827+00:00,2,1628.38,Verificaçăo de alinhamento
MTR-002,preventive,2025-06-04T02:28:41.436237+00:00,2025-06-04T04:40:45.224215+00:00,1,1869.84,Troca de filtros e lubrificaçăo
CMP-003,preventive,2025-06-05T08:25:08.191245+00:00,2025-06-05T12:03:11.341018+00:00,2,756.8,Inspeçăo e ajuste de correia
CMP-004,preventive,2025-06-05T17:36:03.104574+00:00,2025-06-05T20:49:54.811969+00:00,4,700.9,Inspeçăo e ajuste de correia
CMP-002,preventive,2025-06-06T03:25:17.019007+00:00,2025-06-06T06:02:41.376304+00:00,2,1994.55,Inspeçăo e ajuste de correia
BMB-004,preventive,2025-06-07T15:26:22.427259+00:00,2025-06-07T17:38:41.073328+00:00,3,902.61,Troca de filtros e lubrificaçăo
BMB-001,preventive,2025-06-08T07:55:45.712460+00:00,2025-06-08T10:40:13.528163+00:00,4,1770.7,Manutençăo periódica programada
BMB-001,corrective,2025-06-13T12:23:27.442999+00:00,2025-06-13T16:01:24.311753+00:00,2,2309.22,Sobrecarga elétrica
MTR-004,corrective,2025-06-13T13:01:03.897996+00:00,2025-06-13T15:41:51.662543+00:00,4,6940.16,Desgaste de rolamento
MTR-002,corrective,2025-06-13T15:15:15.614049+00:00,2025-06-13T21:09:38.755179+00:00,4,7293.47,Desgaste de rolamento
CMP-003,corrective,2025-06-13T22:50:21.358720+00:00,2025-06-14T04:47:17.514836+00:00,1,6951.42,Superaquecimento por falha de lubrificaçăo
BMB-002,corrective,2025-06-14T07:47:53.956046+00:00,2025-06-14T13:10:47.333274+00:00,2,7055.27,Desgaste de rolamento
CMP-002,corrective,2025-06-15T01:21:00.541053+00:00,2025-06-15T05:30:26.404731+00:00,4,3201.07,Desgaste de rolamento
CMP-004,corrective,2025-06-15T21:06:58.720788+00:00,2025-06-16T02:52:39.957647+00:00,3,6583.14,Vibraçăo excessiva — desbalanceamento
MTR-003,corrective,2025-06-17T12:11:30.983928+00:00,2025-06-17T18:04:21.643994+00:00,2,6571.16,Falha de vedaçăo
MTR-001,corrective,2025-06-18T02:59:51.954983+00:00,2025-06-18T06:30:51.050627+00:00,1,6234.65,Falha de vedaçăo
BMB-003,corrective,2025-06-18T15:24:47.607556+00:00,2025-06-18T17:41:10.929678+00:00,1,3795.66,Falha de vedaçăo
CMP-001,corrective,2025-06-18T21:17:53.835725+00:00,2025-06-19T00:38:40.797175+00:00,4,4034.22,Desgaste de rolamento
BMB-004,corrective,2025-06-20T12:09:58.298612+00:00,2025-06-20T16:43:51.276733+00:00,1,3003.24,Vibraçăo excessiva — desbalanceamento
CMP-003,preventive,2025-07-01T15:12:58.404949+00:00,2025-07-01T18:39:05.212696+00:00,1,568.19,Inspeçăo e ajuste de correia
BMB-001,preventive,2025-07-02T11:06:27.409663+00:00,2025-07-02T13:29:14.031311+00:00,1,1810.43,Troca de filtros e lubrificaçăo
BMB-004,preventive,2025-07-03T08:12:44.642996+00:00,2025-07-03T10:39:23.316646+00:00,4,949.63,Manutençăo periódica programada
CMP-004,preventive,2025-07-03T12:47:56.897483+00:00,2025-07-03T15:13:35.547570+00:00,1,1100.87,Troca de filtros e lubrificaçăo
MTR-002,preventive,2025-07-04T11:01:44.957772+00:00,2025-07-04T13:16:54.170121+00:00,1,1995.76,Verificaçăo de alinhamento
CMP-002,preventive,2025-07-04T17:32:52.384896+00:00,2025-07-04T19:59:17.950064+00:00,1,1178.06,Verificaçăo de alinhamento
MTR-003,preventive,2025-07-06T10:38:43.061789+00:00,2025-07-06T13:44:37.443190+00:00,1,1288.26,Inspeçăo e ajuste de correia
MTR-004,preventive,2025-07-07T00:09:00.394206+00:00,2025-07-07T03:30:19.192583+00:00,4,1019.24,Inspeçăo e ajuste de correia
CMP-001,preventive,2025-07-07T04:57:52.314349+00:00,2025-07-07T08:41:16.604031+00:00,4,1538.1,Inspeçăo e ajuste de correia
BMB-003,preventive,2025-07-07T14:16:28.253860+00:00,2025-07-07T17:30:16.314257+00:00,2,1350.04,Verificaçăo de alinhamento
BMB-002,preventive,2025-07-08T05:43:53.062795+00:00,2025-07-08T08:15:58.686416+00:00,1,1560.75,Manutençăo periódica programada
MTR-001,preventive,2025-07-08T20:48:39.792782+00:00,2025-07-09T00:06:40.830253+00:00,2,1341.33,Verificaçăo de alinhamento
CMP-004,corrective,2025-07-11T20:29:23.169392+00:00,2025-07-12T01:06:30.930373+00:00,3,5319.34,Superaquecimento por falha de lubrificaçăo
MTR-002,corrective,2025-07-13T09:04:58.152145+00:00,2025-07-13T14:58:47.999153+00:00,4,3117.87,Vibraçăo excessiva — desbalanceamento
MTR-004,corrective,2025-07-13T10:38:23.315067+00:00,2025-07-13T12:40:38.638080+00:00,2,7624.46,Superaquecimento por falha de lubrificaçăo
BMB-003,corrective,2025-07-15T02:46:08.886796+00:00,2025-07-15T05:04:33.813213+00:00,3,4303.08,Desgaste de rolamento
BMB-004,corrective,2025-07-15T03:52:06.885146+00:00,2025-07-15T06:27:28.705792+00:00,3,3510.2,Desgaste de rolamento
MTR-003,corrective,2025-07-15T21:20:45.467383+00:00,2025-07-16T01:50:51.353270+00:00,1,7503.47,Superaquecimento por falha de lubrificaçăo
CMP-002,corrective,2025-07-16T10:43:23.388944+00:00,2025-07-16T14:04:31.821039+00:00,1,6863.08,Vibraçăo excessiva — desbalanceamento
CMP-001,corrective,2025-07-19T09:11:42.190929+00:00,2025-07-19T13:24:11.576019+00:00,3,6806.89,Sobrecarga elétrica
MTR-001,corrective,2025-07-20T03:04:13.925150+00:00,2025-07-20T07:13:41.559440+00:00,4,3882.52,Desgaste de rolamento
BMB-001,corrective,2025-07-20T05:22:28.888968+00:00,2025-07-20T11:17:09.821392+00:00,2,4876.37,Vibraçăo excessiva — desbalanceamento
CMP-003,corrective,2025-07-21T02:04:03.270838+00:00,2025-07-21T06:16:49.691267+00:00,2,6601.75,Sobrecarga elétrica
BMB-002,corrective,2025-07-22T02:31:45.247204+00:00,2025-07-22T04:38:03.302377+00:00,2,5034.4,Vibraçăo excessiva — desbalanceamento
MTR-002,preventive,2025-07-29T11:31:40.799440+00:00,2025-07-29T14:29:00.449588+00:00,1,513.9,Manutençăo periódica programada
CMP-001,preventive,2025-07-29T20:47:08.054895+00:00,2025-07-30T00:03:24.982894+00:00,1,1145.91,Troca de filtros e lubrificaçăo
MTR-001,preventive,2025-07-30T04:24:15.129654+00:00,2025-07-30T07:31:55.710644+00:00,4,1868.19,Inspeçăo e ajuste de correia
MTR-003,preventive,2025-07-30T11:38:50.815229+00:00,2025-07-30T14:45:07.025374+00:00,1,1743.16,Troca de filtros e lubrificaçăo
CMP-004,preventive,2025-08-01T07:09:07.950563+00:00,2025-08-01T10:39:16.145153+00:00,4,1256.38,Inspeçăo e ajuste de correia
BMB-004,preventive,2025-08-01T13:31:30.450489+00:00,2025-08-01T17:23:12.397003+00:00,4,1390.71,Troca de filtros e lubrificaçăo
BMB-002,preventive,2025-08-01T20:11:20.668235+00:00,2025-08-01T23:27:19.506726+00:00,1,1426.75,Verificaçăo de alinhamento
CMP-003,preventive,2025-08-02T02:11:53.662720+00:00,2025-08-02T04:12:19.191681+00:00,1,1247.06,Inspeçăo e ajuste de correia
BMB-003,preventive,2025-08-04T09:09:37.546202+00:00,2025-08-04T12:06:42.075203+00:00,1,1251.19,Inspeçăo e ajuste de correia
CMP-002,preventive,2025-08-04T12:50:41.810474+00:00,2025-08-04T15:06:34.455785+00:00,3,1564.31,Inspeçăo e ajuste de correia
BMB-001,preventive,2025-08-05T17:14:17.918272+00:00,2025-08-05T19:29:24.570246+00:00,3,1935.53,Manutençăo periódica programada
MTR-004,preventive,2025-08-06T07:06:11.316110+00:00,2025-08-06T09:52:21.107503+00:00,1,1714.22,Verificaçăo de alinhamento
BMB-004,corrective,2025-08-10T21:18:15.648801+00:00,2025-08-11T03:16:56.813859+00:00,4,2641.83,Vibraçăo excessiva — desbalanceamento
CMP-001,corrective,2025-08-11T05:51:57.995074+00:00,2025-08-11T08:47:50.183838+00:00,3,3927.27,Superaquecimento por falha de lubrificaçăo
CMP-003,corrective,2025-08-13T16:28:27.852823+00:00,2025-08-13T18:50:36.950758+00:00,3,4897.67,Sobrecarga elétrica
CMP-002,corrective,2025-08-13T17:23:39.507110+00:00,2025-08-13T20:20:46.773845+00:00,3,7108.17,Desgaste de rolamento
BMB-002,corrective,2025-08-13T23:51:44.087978+00:00,2025-08-14T04:07:39.111743+00:00,4,2094.39,Falha de vedaçăo
MTR-004,corrective,2025-08-14T14:11:28.807429+00:00,2025-08-14T17:11:30.221860+00:00,1,3444.0,Superaquecimento por falha de lubrificaçăo
BMB-001,corrective,2025-08-15T18:10:29.633107+00:00,2025-08-15T20:15:37.180455+00:00,2,7622.96,Superaquecimento por falha de lubrificaçăo
BMB-003,corrective,2025-08-16T20:59:51.538894+00:00,2025-08-17T02:14:12.888109+00:00,1,2586.11,Desgaste de rolamento
MTR-003,corrective,2025-08-17T16:10:32.750864+00:00,2025-08-17T19:07:58.634322+00:00,2,2987.22,Falha de vedaçăo
CMP-004,corrective,2025-08-18T16:43:14.382767+00:00,2025-08-18T21:15:08.731090+00:00,1,2771.98,Superaquecimento por falha de lubrificaçăo
MTR-001,corrective,2025-08-19T00:27:49.795797+00:00,2025-08-19T03:04:24.101576+00:00,3,6055.21,Vibraçăo excessiva — desbalanceamento
MTR-002,corrective,2025-08-19T20:24:10.930982+00:00,2025-08-19T23:08:25.767836+00:00,3,3707.37,Falha de vedaçăo
CMP-004,preventive,2025-08-28T14:34:11.540574+00:00,2025-08-28T17:49:45.851315+00:00,4,1059.8,Inspeçăo e ajuste de correia
CMP-003,preventive,2025-08-28T17:01:27.427167+00:00,2025-08-28T20:49:55.712882+00:00,3,1180.32,Manutençăo periódica programada
BMB-004,preventive,2025-08-29T07:33:56.606655+00:00,2025-08-29T10:27:46.537268+00:00,1,1923.24,Inspeçăo e ajuste de correia
BMB-001,preventive,2025-08-29T10:26:54.458383+00:00,2025-08-29T12:27:14.874354+00:00,4,1871.66,Troca de filtros e lubrificaçăo
BMB-003,preventive,2025-08-29T13:50:18.409101+00:00,2025-08-29T16:42:50.268676+00:00,1,1010.89,Verificaçăo de alinhamento
CMP-001,preventive,2025-08-29T15:25:23.217934+00:00,2025-08-29T17:44:59.715889+00:00,3,1491.38,Inspeçăo e ajuste de correia
MTR-002,preventive,2025-08-31T00:19:46.303199+00:00,2025-08-31T02:33:59.154447+00:00,4,1833.89,Troca de filtros e lubrificaçăo
CMP-002,preventive,2025-09-01T04:34:47.753771+00:00,2025-09-01T07:30:50.331381+00:00,3,1263.13,Manutençăo periódica programada
MTR-004,preventive,2025-09-03T10:30:23.078437+00:00,2025-09-03T13:38:17.767359+00:00,1,1390.92,Verificaçăo de alinhamento
MTR-003,preventive,2025-09-04T01:27:13.030674+00:00,2025-09-04T04:00:01.689930+00:00,4,674.36,Troca de filtros e lubrificaçăo
BMB-002,preventive,2025-09-04T16:08:39.322867+00:00,2025-09-04T18:18:51.013555+00:00,4,517.78,Inspeçăo e ajuste de correia
MTR-001,preventive,2025-09-05T03:55:28.193736+00:00,2025-09-05T06:08:26.504734+00:00,4,788.4,Troca de filtros e lubrificaçăo
MTR-002,corrective,2025-09-10T21:54:24.136737+00:00,2025-09-11T02:09:29.026935+00:00,4,3637.02,Superaquecimento por falha de lubrificaçăo
BMB-003,corrective,2025-09-11T11:21:30.502472+00:00,2025-09-11T15:22:36.008094+00:00,3,2177.75,Vibraçăo excessiva — desbalanceamento
CMP-004,corrective,2025-09-11T14:06:40.847593+00:00,2025-09-11T19:30:37.070396+00:00,3,6529.79,Desgaste de rolamento
CMP-001,corrective,2025-09-11T22:14:17.480714+00:00,2025-09-12T02:40:28.967196+00:00,4,5615.73,Sobrecarga elétrica
BMB-002,corrective,2025-09-12T03:00:41.002544+00:00,2025-09-12T07:53:51.984479+00:00,3,2102.86,Sobrecarga elétrica
CMP-003,corrective,2025-09-12T21:39:36.490257+00:00,2025-09-12T23:41:55.733931+00:00,2,4637.63,Sobrecarga elétrica
CMP-002,corrective,2025-09-15T01:09:02.746962+00:00,2025-09-15T03:32:18.550687+00:00,2,6752.39,Desgaste de rolamento
MTR-004,corrective,2025-09-15T20:10:49.910915+00:00,2025-09-16T02:05:32.311493+00:00,1,3468.4,Superaquecimento por falha de lubrificaçăo
MTR-001,corrective,2025-09-17T09:45:50.408833+00:00,2025-09-17T12:13:19.682181+00:00,3,5348.52,Desgaste de rolamento
BMB-001,corrective,2025-09-17T10:17:32.237544+00:00,2025-09-17T13:36:23.495113+00:00,4,7490.76,Falha de vedaçăo
BMB-004,corrective,2025-09-17T14:58:21.830548+00:00,2025-09-17T19:45:25.267183+00:00,4,6824.46,Vibraçăo excessiva — desbalanceamento
MTR-003,corrective,2025-09-19T03:35:37.872457+00:00,2025-09-19T07:35:14.479725+00:00,4,2545.65,Falha de vedaçăo
BMB-001,preventive,2025-09-27T02:09:35.101892+00:00,2025-09-27T04:38:08.209456+00:00,3,1663.27,Verificaçăo de alinhamento
BMB-004,preventive,2025-09-27T23:16:14.110044+00:00,2025-09-28T01:52:22.398645+00:00,4,1002.1,Troca de filtros e lubrificaçăo
CMP-001,preventive,2025-09-29T02:31:59.777689+00:00,2025-09-29T05:09:51.039635+00:00,2,1534.65,Inspeçăo e ajuste de correia
CMP-002,preventive,2025-09-29T07:52:18.080789+00:00,2025-09-29T10:46:08.098333+00:00,4,539.43,Inspeçăo e ajuste de correia
BMB-002,preventive,2025-10-01T06:36:59.779866+00:00,2025-10-01T10:07:35.370500+00:00,2,660.52,Manutençăo periódica programada
BMB-003,preventive,2025-10-02T22:04:58.252913+00:00,2025-10-03T01:22:38.851483+00:00,4,1235.91,Inspeçăo e ajuste de correia
MTR-001,preventive,2025-10-03T19:41:23.145863+00:00,2025-10-03T21:53:36.835262+00:00,3,1656.76,Troca de filtros e lubrificaçăo
CMP-004,preventive,2025-10-04T12:40:14.763998+00:00,2025-10-04T15:31:15.816594+00:00,4,1250.12,Manutençăo periódica programada
MTR-004,preventive,2025-10-04T21:35:16.879228+00:00,2025-10-05T00:17:33.590110+00:00,4,1158.44,Troca de filtros e lubrificaçăo
CMP-003,preventive,2025-10-04T21:56:43.788604+00:00,2025-10-05T01:44:36.045987+00:00,4,806.03,Troca de filtros e lubrificaçăo
MTR-002,preventive,2025-10-05T13:50:00.449425+00:00,2025-10-05T16:26:39.187184+00:00,3,743.74,Verificaçăo de alinhamento
MTR-003,preventive,2025-10-05T17:55:39.872302+00:00,2025-10-05T20:28:48.853602+00:00,4,1713.04,Verificaçăo de alinhamento
MTR-004,corrective,2025-10-10T15:37:09.676646+00:00,2025-10-10T18:45:50.872427+00:00,1,2840.81,Vibraçăo excessiva — desbalanceamento
BMB-001,corrective,2025-10-11T02:47:00.638227+00:00,2025-10-11T04:53:11.872384+00:00,4,5201.9,Vibraçăo excessiva — desbalanceamento
BMB-003,corrective,2025-10-11T12:24:39.391091+00:00,2025-10-11T15:45:51.878006+00:00,4,4591.09,Falha de vedaçăo
MTR-003,corrective,2025-10-12T13:04:54.492995+00:00,2025-10-12T17:06:53.161834+00:00,2,5079.49,Sobrecarga elétrica
BMB-004,corrective,2025-10-12T22:28:05.900532+00:00,2025-10-13T02:34:45.810217+00:00,3,3923.99,Desgaste de rolamento
CMP-004,corrective,2025-10-14T17:51:50.439404+00:00,2025-10-14T22:52:04.327867+00:00,1,2822.22,Vibraçăo excessiva — desbalanceamento
CMP-003,corrective,2025-10-15T12:54:40.340912+00:00,2025-10-15T18:30:25.674350+00:00,3,7168.91,Vibraçăo excessiva — desbalanceamento
BMB-002,corrective,2025-10-16T09:36:11.124854+00:00,2025-10-16T13:32:44.653404+00:00,2,3445.81,Falha de vedaçăo
CMP-001,corrective,2025-10-16T12:17:26.653602+00:00,2025-10-16T17:23:41.052328+00:00,4,2254.13,Vibraçăo excessiva — desbalanceamento
MTR-001,corrective,2025-10-17T06:26:22.784488+00:00,2025-10-17T08:44:37.133769+00:00,4,3902.24,Vibraçăo excessiva — desbalanceamento
MTR-002,corrective,2025-10-17T16:43:07.589292+00:00,2025-10-17T20:29:22.771750+00:00,3,6311.59,Superaquecimento por falha de lubrificaçăo
CMP-002,corrective,2025-10-19T12:10:34.905478+00:00,2025-10-19T17:37:22.990001+00:00,4,6821.97,Falha de vedaçăo
BMB-004,preventive,2025-10-27T01:26:21.554821+00:00,2025-10-27T03:55:23.509389+00:00,4,971.27,Verificaçăo de alinhamento
CMP-002,preventive,2025-10-27T11:34:17.984255+00:00,2025-10-27T15:14:37.382868+00:00,2,1417.92,Manutençăo periódica programada
MTR-002,preventive,2025-10-28T09:49:20.243777+00:00,2025-10-28T11:58:20.710833+00:00,3,1686.15,Troca de filtros e lubrificaçăo
CMP-003,preventive,2025-10-28T12:14:44.370945+00:00,2025-10-28T15:58:29.531958+00:00,3,1963.06,Troca de filtros e lubrificaçăo
BMB-002,preventive,2025-10-30T20:41:37.853600+00:00,2025-10-30T22:42:33.200618+00:00,3,1722.82,Inspeçăo e ajuste de correia
MTR-001,preventive,2025-10-31T03:43:34.824052+00:00,2025-10-31T06:44:17.741738+00:00,3,931.68,Verificaçăo de alinhamento
MTR-003,preventive,2025-11-01T20:17:38.385764+00:00,2025-11-01T23:16:23.796260+00:00,1,1338.2,Inspeçăo e ajuste de correia
BMB-001,preventive,2025-11-03T16:12:37.348557+00:00,2025-11-03T18:25:42.537429+00:00,3,892.34,Verificaçăo de alinhamento
CMP-004,preventive,2025-11-03T22:26:37.063237+00:00,2025-11-04T02:25:09.888899+00:00,4,1279.0,Troca de filtros e lubrificaçăo
BMB-003,preventive,2025-11-04T14:21:14.041340+00:00,2025-11-04T17:31:09.765845+00:00,4,628.54,Inspeçăo e ajuste de correia
MTR-004,preventive,2025-11-04T22:50:08.105087+00:00,2025-11-05T01:27:12.421851+00:00,2,1723.68,Inspeçăo e ajuste de correia
CMP-001,preventive,2025-11-05T00:45:36.584213+00:00,2025-11-05T03:17:23.721412+00:00,4,911.83,Manutençăo periódica programada
BMB-001,corrective,2025-11-09T19:29:01.804878+00:00,2025-11-09T23:23:19.746780+00:00,4,2591.65,Sobrecarga elétrica
CMP-003,corrective,2025-11-10T08:20:54.966819+00:00,2025-11-10T12:49:52.492565+00:00,3,5089.88,Superaquecimento por falha de lubrificaçăo
CMP-002,corrective,2025-11-11T23:04:32.781516+00:00,2025-11-12T03:16:37.466015+00:00,1,3855.74,Sobrecarga elétrica
BMB-002,corrective,2025-11-12T01:24:24.171114+00:00,2025-11-12T03:35:18.181136+00:00,4,2474.12,Sobrecarga elétrica
CMP-004,corrective,2025-11-13T19:20:51.582290+00:00,2025-11-13T23:10:24.632577+00:00,2,3967.8,Falha de vedaçăo
MTR-001,corrective,2025-11-14T16:44:38.157005+00:00,2025-11-14T20:07:57.891225+00:00,4,6910.26,Desgaste de rolamento
BMB-003,corrective,2025-11-15T15:09:55.000283+00:00,2025-11-15T20:47:26.335122+00:00,2,6278.65,Superaquecimento por falha de lubrificaçăo
MTR-004,corrective,2025-11-16T01:07:27.366379+00:00,2025-11-16T05:38:14.139072+00:00,3,3421.42,Desgaste de rolamento
MTR-002,corrective,2025-11-16T21:05:10.858760+00:00,2025-11-17T01:43:41.023936+00:00,2,5665.73,Sobrecarga elétrica
BMB-004,corrective,2025-11-16T22:57:04.013585+00:00,2025-11-17T03:20:17.055802+00:00,3,3748.69,Sobrecarga elétrica
MTR-003,corrective,2025-11-18T09:35:30.698479+00:00,2025-11-18T12:47:09.902716+00:00,1,4375.69,Superaquecimento por falha de lubrificaçăo
CMP-001,corrective,2025-11-18T20:16:23.759055+00:00,2025-11-18T23:51:20.858430+00:00,1,6027.1,Sobrecarga elétrica
CMP-002,preventive,2025-11-26T11:01:18.198489+00:00,2025-11-26T14:59:32.422164+00:00,4,1653.75,Manutençăo periódica programada
MTR-004,preventive,2025-11-27T05:18:33.536983+00:00,2025-11-27T09:15:08.261968+00:00,2,1120.34,Inspeçăo e ajuste de correia
BMB-002,preventive,2025-11-27T15:07:15.296039+00:00,2025-11-27T18:31:41.729135+00:00,4,1347.5,Troca de filtros e lubrificaçăo
MTR-003,preventive,2025-11-27T19:29:59.628241+00:00,2025-11-27T22:38:36.571263+00:00,2,1367.47,Manutençăo periódica programada
BMB-003,preventive,2025-11-28T23:14:22.932735+00:00,2025-11-29T02:49:22.898832+00:00,3,731.33,Troca de filtros e lubrificaçăo
MTR-002,preventive,2025-11-30T11:09:01.408865+00:00,2025-11-30T14:59:53.568385+00:00,4,1272.92,Manutençăo periódica programada
CMP-004,preventive,2025-12-01T10:30:41.162014+00:00,2025-12-01T13:59:55.481198+00:00,3,743.75,Inspeçăo e ajuste de correia
MTR-001,preventive,2025-12-02T22:55:45.683050+00:00,2025-12-03T02:23:49.009239+00:00,3,563.1,Manutençăo periódica programada
CMP-003,preventive,2025-12-03T23:25:33.682050+00:00,2025-12-04T03:02:51.077129+00:00,3,862.61,Manutençăo periódica programada
BMB-001,preventive,2025-12-05T11:02:34.508085+00:00,2025-12-05T14:00:03.177844+00:00,3,1871.5,Inspeçăo e ajuste de correia
BMB-004,preventive,2025-12-05T13:37:16.062433+00:00,2025-12-05T16:40:23.690439+00:00,2,988.83,Inspeçăo e ajuste de correia
CMP-001,preventive,2025-12-05T20:52:49.670641+00:00,2025-12-05T23:03:44.218409+00:00,3,1269.63,Troca de filtros e lubrificaçăo
BMB-001,corrective,2025-12-09T18:11:44.328606+00:00,2025-12-09T22:01:40.140924+00:00,3,4483.58,Falha de vedaçăo
BMB-002,corrective,2025-12-10T04:24:57.162563+00:00,2025-12-10T09:24:14.165940+00:00,3,6104.25,Superaquecimento por falha de lubrificaçăo
CMP-001,corrective,2025-12-11T18:14:11.750360+00:00,2025-12-11T21:06:49.969292+00:00,1,2856.68,Falha de vedaçăo
MTR-003,corrective,2025-12-12T13:16:32.261296+00:00,2025-12-12T16:33:45.855139+00:00,4,4067.17,Superaquecimento por falha de lubrificaçăo
MTR-002,corrective,2025-12-14T19:02:57.488711+00:00,2025-12-14T23:51:40.509548+00:00,4,6015.54,Desgaste de rolamento
BMB-004,corrective,2025-12-14T22:54:31.444054+00:00,2025-12-15T01:15:04.285006+00:00,4,4190.09,Falha de vedaçăo
MTR-004,corrective,2025-12-15T23:41:18.860049+00:00,2025-12-16T02:23:28.077063+00:00,1,5340.31,Falha de vedaçăo
MTR-001,corrective,2025-12-16T21:35:55.233846+00:00,2025-12-17T02:54:48.619124+00:00,3,7544.06,Vibraçăo excessiva — desbalanceamento
CMP-002,corrective,2025-12-17T05:11:00.171251+00:00,2025-12-17T08:47:15.151464+00:00,2,7834.28,Superaquecimento por falha de lubrificaçăo
CMP-003,corrective,2025-12-17T09:49:14.534156+00:00,2025-12-17T15:32:38.282915+00:00,3,4697.58,Desgaste de rolamento
CMP-004,corrective,2025-12-18T01:48:05.346023+00:00,2025-12-18T07:07:25.542067+00:00,3,5043.89,Falha de vedaçăo
BMB-003,corrective,2025-12-18T22:06:37.973041+00:00,2025-12-19T03:51:45.204715+00:00,4,3900.07,Superaquecimento por falha de lubrificaçăo
BMB-001,preventive,2025-12-26T12:17:49.679982+00:00,2025-12-26T15:33:47.832397+00:00,2,1611.88,Manutençăo periódica programada
BMB-004,preventive,2025-12-28T08:22:27.713692+00:00,2025-12-28T11:57:05.057809+00:00,2,1388.34,Troca de filtros e lubrificaçăo
CMP-004,preventive,2025-12-28T13:38:47.954432+00:00,2025-12-28T16:13:05.197118+00:00,4,1563.11,Inspeçăo e ajuste de correia
MTR-001,preventive,2025-12-28T15:15:18.414379+00:00,2025-12-28T18:54:59.677715+00:00,4,820.98,Inspeçăo e ajuste de correia
BMB-003,preventive,2025-12-30T02:29:53.425090+00:00,2025-12-30T05:13:24.128307+00:00,1,507.79,Inspeçăo e ajuste de correia
CMP-003,preventive,2025-12-30T11:07:36.743252+00:00,2025-12-30T14:43:03.230846+00:00,1,575.91,Verificaçăo de alinhamento
MTR-003,preventive,2026-01-01T14:00:05.913419+00:00,2026-01-01T17:57:47.804017+00:00,1,1901.87,Manutençăo periódica programada
CMP-002,preventive,2026-01-02T00:28:13.824140+00:00,2026-01-02T03:03:50.120484+00:00,4,1198.75,Inspeçăo e ajuste de correia
MTR-004,preventive,2026-01-02T07:57:44.778674+00:00,2026-01-02T10:11:34.000568+00:00,2,1438.99,Verificaçăo de alinhamento
MTR-002,preventive,2026-01-04T00:45:30.977363+00:00,2026-01-04T02:54:05.128188+00:00,2,1216.18,Troca de filtros e lubrificaçăo
BMB-002,preventive,2026-01-04T03:57:38.727606+00:00,2026-01-04T07:06:44.193563+00:00,1,640.25,Verificaçăo de alinhamento
CMP-001,preventive,2026-01-04T20:37:08.119097+00:00,2026-01-05T00:33:39.883416+00:00,4,552.2,Manutençăo periódica programada
MTR-003,corrective,2026-01-08T17:28:26.543653+00:00,2026-01-08T21:01:06.077689+00:00,4,2190.41,Sobrecarga elétrica
CMP-003,corrective,2026-01-09T11:40:36.951298+00:00,2026-01-09T16:56:35.798419+00:00,4,3489.62,Desgaste de rolamento
CMP-004,corrective,2026-01-10T15:46:39.059948+00:00,2026-01-10T20:17:04.237441+00:00,4,6894.49,Vibraçăo excessiva — desbalanceamento
CMP-002,corrective,2026-01-12T12:51:46.756448+00:00,2026-01-12T17:05:09.820305+00:00,2,7267.76,Falha de vedaçăo
BMB-001,corrective,2026-01-13T08:12:52.467204+00:00,2026-01-13T12:38:51.950104+00:00,3,5319.87,Falha de vedaçăo
BMB-004,corrective,2026-01-13T11:47:19.660895+00:00,2026-01-13T17:42:46.628580+00:00,1,7718.03,Sobrecarga elétrica
CMP-001,corrective,2026-01-14T14:25:33.784648+00:00,2026-01-14T17:57:09.102374+00:00,2,6671.09,Vibraçăo excessiva — desbalanceamento
MTR-002,corrective,2026-01-15T01:56:23.372239+00:00,2026-01-15T06:31:49.312256+00:00,1,3564.71,Desgaste de rolamento
BMB-002,corrective,2026-01-15T16:45:35.575026+00:00,2026-01-15T18:50:05.453153+00:00,4,5316.21,Superaquecimento por falha de lubrificaçăo
MTR-004,corrective,2026-01-16T02:59:03.683704+00:00,2026-01-16T08:12:37.118015+00:00,4,2281.3,Vibraçăo excessiva — desbalanceamento
MTR-001,corrective,2026-01-16T04:05:27.531095+00:00,2026-01-16T09:00:54.308581+00:00,3,2823.64,Falha de vedaçăo
BMB-003,corrective,2026-01-16T13:43:02.767441+00:00,2026-01-16T18:18:05.524860+00:00,4,4159.5,Vibraçăo excessiva — desbalanceamento
CMP-004,preventive,2026-01-25T12:28:43.157940+00:00,2026-01-25T15:33:49.958152+00:00,3,1510.71,Verificaçăo de alinhamento
CMP-001,preventive,2026-01-25T23:56:41.697596+00:00,2026-01-26T02:51:08.508282+00:00,3,1074.28,Manutençăo periódica programada
MTR-003,preventive,2026-01-30T03:29:21.503274+00:00,2026-01-30T06:56:03.098833+00:00,2,1653.46,Verificaçăo de alinhamento
BMB-004,preventive,2026-01-30T09:43:50.403523+00:00,2026-01-30T12:04:51.045238+00:00,2,1157.68,Inspeçăo e ajuste de correia
BMB-002,preventive,2026-01-31T03:06:41.400643+00:00,2026-01-31T06:57:03.742856+00:00,1,1554.27,Manutençăo periódica programada
CMP-003,preventive,2026-01-31T06:59:15.590892+00:00,2026-01-31T10:56:59.868640+00:00,3,1900.63,Inspeçăo e ajuste de correia
MTR-002,preventive,2026-01-31T23:08:24.441686+00:00,2026-02-01T02:08:27.841361+00:00,4,1630.63,Inspeçăo e ajuste de correia
BMB-001,preventive,2026-01-31T23:16:17.633041+00:00,2026-02-01T02:34:24.233028+00:00,4,942.79,Troca de filtros e lubrificaçăo
MTR-004,preventive,2026-02-01T21:59:50.885145+00:00,2026-02-02T01:34:43.795319+00:00,4,1678.71,Inspeçăo e ajuste de correia
BMB-003,preventive,2026-02-02T06:30:02.554821+00:00,2026-02-02T10:02:32.852808+00:00,1,698.76,Troca de filtros e lubrificaçăo
MTR-001,preventive,2026-02-02T08:23:21.744517+00:00,2026-02-02T10:48:49.007438+00:00,2,863.69,Troca de filtros e lubrificaçăo
CMP-002,preventive,2026-02-02T08:42:57.018012+00:00,2026-02-02T12:38:14.626116+00:00,2,1651.67,Troca de filtros e lubrificaçăo
CMP-003,corrective,2026-02-08T19:49:24.493599+00:00,2026-02-08T22:56:23.893494+00:00,2,6578.73,Sobrecarga elétrica
MTR-001,corrective,2026-02-09T10:56:30.659661+00:00,2026-02-09T13:03:23.939629+00:00,2,2314.95,Sobrecarga elétrica
BMB-002,corrective,2026-02-10T20:36:13.658376+00:00,2026-02-11T01:48:32.697398+00:00,4,7071.98,Vibraçăo excessiva — desbalanceamento
CMP-004,corrective,2026-02-12T02:39:01.632324+00:00,2026-02-12T07:28:34.067964+00:00,3,6780.53,Superaquecimento por falha de lubrificaçăo
MTR-003,corrective,2026-02-12T04:00:55.521711+00:00,2026-02-12T07:46:35.931132+00:00,3,7957.14,Sobrecarga elétrica
CMP-002,corrective,2026-02-12T17:07:30.043500+00:00,2026-02-12T21:08:11.089014+00:00,4,5017.18,Superaquecimento por falha de lubrificaçăo
BMB-004,corrective,2026-02-13T14:14:13.351685+00:00,2026-02-13T16:24:51.785596+00:00,1,6913.79,Sobrecarga elétrica
CMP-001,corrective,2026-02-14T10:20:29.460711+00:00,2026-02-14T14:54:19.310611+00:00,2,6074.37,Vibraçăo excessiva — desbalanceamento
MTR-002,corrective,2026-02-14T14:28:59.039942+00:00,2026-02-14T19:14:16.003015+00:00,3,5494.76,Falha de vedaçăo
BMB-003,corrective,2026-02-16T12:16:13.693822+00:00,2026-02-16T14:34:44.871036+00:00,4,4693.06,Falha de vedaçăo
BMB-001,corrective,2026-02-17T00:42:54.999353+00:00,2026-02-17T03:06:43.169201+00:00,3,3380.11,Falha de vedaçăo
MTR-004,corrective,2026-02-17T01:40:11.753090+00:00,2026-02-17T07:32:20.437451+00:00,4,4449.56,Vibraçăo excessiva — desbalanceamento
MTR-001,preventive,2026-02-24T18:51:38.674295+00:00,2026-02-24T21:50:16.434792+00:00,3,1576.04,Manutençăo periódica programada
CMP-003,preventive,2026-02-24T23:11:17.518917+00:00,2026-02-25T02:38:43.043354+00:00,4,1248.14,Inspeçăo e ajuste de correia
BMB-003,preventive,2026-02-25T13:41:52.960061+00:00,2026-02-25T17:14:24.864320+00:00,4,654.94,Manutençăo periódica programada
CMP-002,preventive,2026-02-26T08:54:11.136300+00:00,2026-02-26T12:08:30.683174+00:00,1,1277.15,Inspeçăo e ajuste de correia
CMP-001,preventive,2026-02-26T21:36:57.172538+00:00,2026-02-27T00:50:01.758060+00:00,3,1165.91,Manutençăo periódica programada
BMB-002,preventive,2026-02-27T06:14:55.663076+00:00,2026-02-27T08:35:06.218574+00:00,1,1842.19,Manutençăo periódica programada
BMB-001,preventive,2026-02-27T23:39:04.293912+00:00,2026-02-28T02:30:16.994757+00:00,2,1248.95,Inspeçăo e ajuste de correia
BMB-004,preventive,2026-02-28T10:27:00.727939+00:00,2026-02-28T12:32:16.133124+00:00,4,708.77,Inspeçăo e ajuste de correia
MTR-003,preventive,2026-03-02T10:48:04.288038+00:00,2026-03-02T14:30:21.145661+00:00,4,1804.43,Verificaçăo de alinhamento
CMP-004,preventive,2026-03-03T12:41:51.200583+00:00,2026-03-03T14:42:33.652385+00:00,4,898.3,Troca de filtros e lubrificaçăo
MTR-004,preventive,2026-03-05T05:32:12.378369+00:00,2026-03-05T08:00:15.896065+00:00,4,775.82,Verificaçăo de alinhamento
MTR-002,preventive,2026-03-05T13:38:08.996335+00:00,2026-03-05T16:47:10.429921+00:00,1,892.33,Inspeçăo e ajuste de correia
BMB-003,corrective,2026-03-09T06:26:55.182246+00:00,2026-03-09T09:57:19.948386+00:00,3,5325.32,Falha de vedaçăo
MTR-002,corrective,2026-03-09T09:11:12.132410+00:00,2026-03-09T11:33:07.239577+00:00,2,2372.75,Superaquecimento por falha de lubrificaçăo
MTR-003,corrective,2026-03-10T13:33:28.188261+00:00,2026-03-10T18:19:43.134481+00:00,4,2481.5,Falha de vedaçăo
CMP-003,corrective,2026-03-10T15:55:19.485371+00:00,2026-03-10T18:59:02.200991+00:00,4,2139.06,Sobrecarga elétrica
BMB-001,corrective,2026-03-11T03:42:15.394292+00:00,2026-03-11T07:31:05.778494+00:00,3,6580.16,Sobrecarga elétrica
BMB-002,corrective,2026-03-11T13:40:18.896954+00:00,2026-03-11T16:54:46.850644+00:00,2,3268.5,Falha de vedaçăo
CMP-001,corrective,2026-03-11T16:37:51.823417+00:00,2026-03-11T22:06:47.290823+00:00,2,5176.76,Sobrecarga elétrica
CMP-004,corrective,2026-03-13T15:28:39.252947+00:00,2026-03-13T20:54:16.194212+00:00,1,5501.14,Desgaste de rolamento
MTR-004,corrective,2026-03-13T18:25:06.790091+00:00,2026-03-13T23:42:29.599229+00:00,2,7096.05,Vibraçăo excessiva — desbalanceamento
CMP-002,corrective,2026-03-15T03:58:41.795348+00:00,2026-03-15T09:32:21.932671+00:00,2,2971.8,Desgaste de rolamento
BMB-004,corrective,2026-03-16T03:02:39.762563+00:00,2026-03-16T08:08:56.904319+00:00,2,3516.09,Desgaste de rolamento
MTR-001,corrective,2026-03-18T01:00:26.658376+00:00,2026-03-18T06:47:58.759496+00:00,2,2031.09,Falha de vedaçăo
